IP Address,Login Source,Login Date & Time
68.199.253.178,Web,"May 25, 2015, 6:59:31 PM"
68.199.253.178,Web,"Aug 8, 2015, 2:48:38 PM"
67.81.117.97,Web,"Jul 4, 2017, 5:14:09 PM"
67.81.117.97,Web,"Jun 5, 2017, 10:48:34 PM"
68.199.253.178,Web,"Apr 20, 2015, 12:20:02 AM"
47.17.126.23,Web,"Aug 2, 2019, 12:17:57 PM"
47.17.126.23,Web,"Aug 2, 2019, 12:18:02 PM"
68.180.84.49,Web,"Aug 12, 2019, 10:54:50 PM"
68.180.84.49,Web,"Aug 15, 2019, 4:03:40 PM"
68.180.84.49,Web,"Aug 15, 2019, 11:31:16 PM"
68.180.84.49,Web,"Aug 28, 2019, 12:54:15 AM"
68.180.84.49,Web,"Aug 29, 2019, 11:14:29 PM"
68.180.84.49,Web,"Sep 1, 2019, 3:41:56 AM"
68.180.84.49,Web,"Sep 15, 2019, 10:44:11 AM"
68.180.84.49,Web,"Sep 29, 2019, 10:28:06 PM"
47.17.126.23,Web,"Dec 26, 2019, 4:04:34 PM"
199.217.105.245,Web,"Dec 27, 2019, 1:43:23 AM"
47.17.126.23,Web,"Jun 30, 2020, 2:09:45 AM"
47.17.126.23,Mobile,"Sep 21, 2020, 8:56:52 PM"
82.102.24.17,Web,"Sep 24, 2020, 3:10:35 PM"
185.212.168.154,Web,"Jun 29, 2021, 3:41:55 PM"
86.12.114.98,Mobile,"Jul 30, 2021, 7:45:52 PM"
86.12.114.98,Web,"Aug 18, 2021, 7:23:40 PM"
86.12.114.98,Web,"Aug 18, 2021, 8:06:36 PM"
37.120.137.76,Web,"Aug 19, 2021, 4:32:51 PM"
86.12.114.98,Web,"Aug 19, 2021, 7:12:43 PM"
86.12.114.98,Web,"Apr 27, 2022, 3:30:53 PM"
146.70.95.123,Web,"May 19, 2022, 3:53:53 PM"
78.151.122.97,Mobile,"Jun 20, 2022, 6:33:31 AM"
82.25.126.102,Web,"Sep 11, 2022, 1:02:48 PM"
104.246.110.192,Web,"May 26, 2023, 5:52:40 PM"
104.246.110.192,Mobile,"Aug 13, 2023, 9:01:06 PM"
104.246.110.192,Web,"Jan 30, 2024, 3:20:44 AM"
146.70.95.122,Web,"Feb 8, 2024, 11:25:30 PM"
146.70.95.151,Web,"Jun 3, 2024, 1:20:23 AM"
104.246.110.192,Web,"Jun 12, 2024, 1:20:00 AM"
2600:387:f:7812::6,Web,"Jun 17, 2024, 6:37:32 PM"
146.70.95.132,Web,"Jul 11, 2024, 1:41:24 AM"
2600:387:c:701b::5,Web,"Aug 1, 2024, 12:52:36 PM"
146.70.104.42,Web,"Aug 5, 2024, 2:02:28 AM"
104.246.110.192,Web,"Aug 26, 2024, 1:55:53 PM"
5.151.123.210,Web,"Sep 15, 2024, 9:19:38 AM"
146.70.95.120,Web,"Oct 9, 2024, 11:06:36 AM"
146.70.95.125,Web,"Oct 13, 2024, 12:11:24 PM"
193.60.79.173,Web,"Oct 15, 2024, 10:30:40 AM"
146.70.95.123,Web,"Oct 23, 2024, 10:29:14 AM"
2600:387:f:7814::9,Mobile,"Dec 22, 2024, 9:33:51 PM"
2600:387:f:7814::9,Mobile,"Dec 22, 2024, 9:33:52 PM"
5.151.123.210,Web,"Apr 4, 2025, 5:46:32 PM"
