Follower Athlete ID,Following Athlete ID,Favorite Status
120617102,1766829,"{:BOOST_ACTIVITIES_IN_FEED=>""Boost Activities in Feed"", :NOTIFY_ACTIVITIES=>""Subscribed to Activity Notifications on Upload"", :MUTE_IN_FEED=>""Muted Activities in Feed""}"
3454811,1766829,"{:BOOST_ACTIVITIES_IN_FEED=>""Boost Activities in Feed"", :NOTIFY_ACTIVITIES=>""Subscribed to Activity Notifications on Upload"", :MUTE_IN_FEED=>""Muted Activities in Feed""}"
98437079,1766829,"{:BOOST_ACTIVITIES_IN_FEED=>""Boost Activities in Feed"", :NOTIFY_ACTIVITIES=>""Subscribed to Activity Notifications on Upload"", :MUTE_IN_FEED=>""Muted Activities in Feed""}"
49234,1766829,"{:BOOST_ACTIVITIES_IN_FEED=>""Boost Activities in Feed"", :NOTIFY_ACTIVITIES=>""Subscribed to Activity Notifications on Upload"", :MUTE_IN_FEED=>""Muted Activities in Feed""}"
13033649,1766829,"{:BOOST_ACTIVITIES_IN_FEED=>""Boost Activities in Feed"", :NOTIFY_ACTIVITIES=>""Subscribed to Activity Notifications on Upload"", :MUTE_IN_FEED=>""Muted Activities in Feed""}"
21755198,1766829,"{:BOOST_ACTIVITIES_IN_FEED=>""Boost Activities in Feed"", :NOTIFY_ACTIVITIES=>""Subscribed to Activity Notifications on Upload"", :MUTE_IN_FEED=>""Muted Activities in Feed""}"
49998608,1766829,"{:BOOST_ACTIVITIES_IN_FEED=>""Boost Activities in Feed"", :NOTIFY_ACTIVITIES=>""Subscribed to Activity Notifications on Upload"", :MUTE_IN_FEED=>""Muted Activities in Feed""}"
36409695,1766829,"{:BOOST_ACTIVITIES_IN_FEED=>""Boost Activities in Feed"", :NOTIFY_ACTIVITIES=>""Subscribed to Activity Notifications on Upload"", :MUTE_IN_FEED=>""Muted Activities in Feed""}"
37542296,1766829,"{:BOOST_ACTIVITIES_IN_FEED=>""Boost Activities in Feed"", :NOTIFY_ACTIVITIES=>""Subscribed to Activity Notifications on Upload"", :MUTE_IN_FEED=>""Muted Activities in Feed""}"
74850160,1766829,"{:BOOST_ACTIVITIES_IN_FEED=>""Boost Activities in Feed"", :NOTIFY_ACTIVITIES=>""Subscribed to Activity Notifications on Upload"", :MUTE_IN_FEED=>""Muted Activities in Feed""}"
794877,1766829,"{:BOOST_ACTIVITIES_IN_FEED=>""Boost Activities in Feed"", :NOTIFY_ACTIVITIES=>""Subscribed to Activity Notifications on Upload"", :MUTE_IN_FEED=>""Muted Activities in Feed""}"
16459418,1766829,"{:BOOST_ACTIVITIES_IN_FEED=>""Boost Activities in Feed"", :NOTIFY_ACTIVITIES=>""Subscribed to Activity Notifications on Upload"", :MUTE_IN_FEED=>""Muted Activities in Feed""}"
60872429,1766829,"{:BOOST_ACTIVITIES_IN_FEED=>""Boost Activities in Feed"", :NOTIFY_ACTIVITIES=>""Subscribed to Activity Notifications on Upload"", :MUTE_IN_FEED=>""Muted Activities in Feed""}"
26828108,1766829,"{:BOOST_ACTIVITIES_IN_FEED=>""Boost Activities in Feed"", :NOTIFY_ACTIVITIES=>""Subscribed to Activity Notifications on Upload"", :MUTE_IN_FEED=>""Muted Activities in Feed""}"
255291,1766829,"{:BOOST_ACTIVITIES_IN_FEED=>""Boost Activities in Feed"", :NOTIFY_ACTIVITIES=>""Subscribed to Activity Notifications on Upload"", :MUTE_IN_FEED=>""Muted Activities in Feed""}"
27768033,1766829,"{:BOOST_ACTIVITIES_IN_FEED=>""Boost Activities in Feed"", :NOTIFY_ACTIVITIES=>""Subscribed to Activity Notifications on Upload"", :MUTE_IN_FEED=>""Muted Activities in Feed""}"
15888171,1766829,"{:BOOST_ACTIVITIES_IN_FEED=>""Boost Activities in Feed"", :NOTIFY_ACTIVITIES=>""Subscribed to Activity Notifications on Upload"", :MUTE_IN_FEED=>""Muted Activities in Feed""}"
3944,1766829,"{:BOOST_ACTIVITIES_IN_FEED=>""Boost Activities in Feed"", :NOTIFY_ACTIVITIES=>""Subscribed to Activity Notifications on Upload"", :MUTE_IN_FEED=>""Muted Activities in Feed""}"
23101,1766829,"{:BOOST_ACTIVITIES_IN_FEED=>""Boost Activities in Feed"", :NOTIFY_ACTIVITIES=>""Subscribed to Activity Notifications on Upload"", :MUTE_IN_FEED=>""Muted Activities in Feed""}"
2389142,1766829,"{:BOOST_ACTIVITIES_IN_FEED=>""Boost Activities in Feed"", :NOTIFY_ACTIVITIES=>""Subscribed to Activity Notifications on Upload"", :MUTE_IN_FEED=>""Muted Activities in Feed""}"
899239,1766829,"{:BOOST_ACTIVITIES_IN_FEED=>""Boost Activities in Feed"", :NOTIFY_ACTIVITIES=>""Subscribed to Activity Notifications on Upload"", :MUTE_IN_FEED=>""Muted Activities in Feed""}"
17614133,1766829,"{:BOOST_ACTIVITIES_IN_FEED=>""Boost Activities in Feed"", :NOTIFY_ACTIVITIES=>""Subscribed to Activity Notifications on Upload"", :MUTE_IN_FEED=>""Muted Activities in Feed""}"
4146373,1766829,"{:BOOST_ACTIVITIES_IN_FEED=>""Boost Activities in Feed"", :NOTIFY_ACTIVITIES=>""Subscribed to Activity Notifications on Upload"", :MUTE_IN_FEED=>""Muted Activities in Feed""}"
637692,1766829,"{:BOOST_ACTIVITIES_IN_FEED=>""Boost Activities in Feed"", :NOTIFY_ACTIVITIES=>""Subscribed to Activity Notifications on Upload"", :MUTE_IN_FEED=>""Muted Activities in Feed""}"
1791827,1766829,"{:BOOST_ACTIVITIES_IN_FEED=>""Boost Activities in Feed"", :NOTIFY_ACTIVITIES=>""Subscribed to Activity Notifications on Upload"", :MUTE_IN_FEED=>""Muted Activities in Feed""}"
2874459,1766829,"{:BOOST_ACTIVITIES_IN_FEED=>""Boost Activities in Feed"", :NOTIFY_ACTIVITIES=>""Subscribed to Activity Notifications on Upload"", :MUTE_IN_FEED=>""Muted Activities in Feed""}"
62452090,1766829,"{:BOOST_ACTIVITIES_IN_FEED=>""Boost Activities in Feed"", :NOTIFY_ACTIVITIES=>""Subscribed to Activity Notifications on Upload"", :MUTE_IN_FEED=>""Muted Activities in Feed""}"
1826517,1766829,"{:BOOST_ACTIVITIES_IN_FEED=>""Boost Activities in Feed"", :NOTIFY_ACTIVITIES=>""Subscribed to Activity Notifications on Upload"", :MUTE_IN_FEED=>""Muted Activities in Feed""}"
9565373,1766829,"{:BOOST_ACTIVITIES_IN_FEED=>""Boost Activities in Feed"", :NOTIFY_ACTIVITIES=>""Subscribed to Activity Notifications on Upload"", :MUTE_IN_FEED=>""Muted Activities in Feed""}"
62793315,1766829,"{:BOOST_ACTIVITIES_IN_FEED=>""Boost Activities in Feed"", :NOTIFY_ACTIVITIES=>""Subscribed to Activity Notifications on Upload"", :MUTE_IN_FEED=>""Muted Activities in Feed""}"
1069715,1766829,"{:BOOST_ACTIVITIES_IN_FEED=>""Boost Activities in Feed"", :NOTIFY_ACTIVITIES=>""Subscribed to Activity Notifications on Upload"", :MUTE_IN_FEED=>""Muted Activities in Feed""}"
2431658,1766829,"{:BOOST_ACTIVITIES_IN_FEED=>""Boost Activities in Feed"", :NOTIFY_ACTIVITIES=>""Subscribed to Activity Notifications on Upload"", :MUTE_IN_FEED=>""Muted Activities in Feed""}"
106329173,1766829,"{:BOOST_ACTIVITIES_IN_FEED=>""Boost Activities in Feed"", :NOTIFY_ACTIVITIES=>""Subscribed to Activity Notifications on Upload"", :MUTE_IN_FEED=>""Muted Activities in Feed""}"
24631671,1766829,"{:BOOST_ACTIVITIES_IN_FEED=>""Boost Activities in Feed"", :NOTIFY_ACTIVITIES=>""Subscribed to Activity Notifications on Upload"", :MUTE_IN_FEED=>""Muted Activities in Feed""}"
27577099,1766829,"{:BOOST_ACTIVITIES_IN_FEED=>""Boost Activities in Feed"", :NOTIFY_ACTIVITIES=>""Subscribed to Activity Notifications on Upload"", :MUTE_IN_FEED=>""Muted Activities in Feed""}"
5444357,1766829,"{:BOOST_ACTIVITIES_IN_FEED=>""Boost Activities in Feed"", :NOTIFY_ACTIVITIES=>""Subscribed to Activity Notifications on Upload"", :MUTE_IN_FEED=>""Muted Activities in Feed""}"
35621935,1766829,"{:BOOST_ACTIVITIES_IN_FEED=>""Boost Activities in Feed"", :NOTIFY_ACTIVITIES=>""Subscribed to Activity Notifications on Upload"", :MUTE_IN_FEED=>""Muted Activities in Feed""}"
509197,1766829,"{:BOOST_ACTIVITIES_IN_FEED=>""Boost Activities in Feed"", :NOTIFY_ACTIVITIES=>""Subscribed to Activity Notifications on Upload"", :MUTE_IN_FEED=>""Muted Activities in Feed""}"
527659,1766829,"{:BOOST_ACTIVITIES_IN_FEED=>""Boost Activities in Feed"", :NOTIFY_ACTIVITIES=>""Subscribed to Activity Notifications on Upload"", :MUTE_IN_FEED=>""Muted Activities in Feed""}"
29455617,1766829,"{:BOOST_ACTIVITIES_IN_FEED=>""Boost Activities in Feed"", :NOTIFY_ACTIVITIES=>""Subscribed to Activity Notifications on Upload"", :MUTE_IN_FEED=>""Muted Activities in Feed""}"
29796399,1766829,"{:BOOST_ACTIVITIES_IN_FEED=>""Boost Activities in Feed"", :NOTIFY_ACTIVITIES=>""Subscribed to Activity Notifications on Upload"", :MUTE_IN_FEED=>""Muted Activities in Feed""}"
42125975,1766829,"{:BOOST_ACTIVITIES_IN_FEED=>""Boost Activities in Feed"", :NOTIFY_ACTIVITIES=>""Subscribed to Activity Notifications on Upload"", :MUTE_IN_FEED=>""Muted Activities in Feed""}"
116077453,1766829,"{:BOOST_ACTIVITIES_IN_FEED=>""Boost Activities in Feed"", :NOTIFY_ACTIVITIES=>""Subscribed to Activity Notifications on Upload"", :MUTE_IN_FEED=>""Muted Activities in Feed""}"
10656581,1766829,"{:BOOST_ACTIVITIES_IN_FEED=>""Boost Activities in Feed"", :NOTIFY_ACTIVITIES=>""Subscribed to Activity Notifications on Upload"", :MUTE_IN_FEED=>""Muted Activities in Feed""}"
3203349,1766829,"{:BOOST_ACTIVITIES_IN_FEED=>""Boost Activities in Feed"", :NOTIFY_ACTIVITIES=>""Subscribed to Activity Notifications on Upload"", :MUTE_IN_FEED=>""Muted Activities in Feed""}"
26319057,1766829,"{:BOOST_ACTIVITIES_IN_FEED=>""Boost Activities in Feed"", :NOTIFY_ACTIVITIES=>""Subscribed to Activity Notifications on Upload"", :MUTE_IN_FEED=>""Muted Activities in Feed""}"
3633551,1766829,"{:BOOST_ACTIVITIES_IN_FEED=>""Boost Activities in Feed"", :NOTIFY_ACTIVITIES=>""Subscribed to Activity Notifications on Upload"", :MUTE_IN_FEED=>""Muted Activities in Feed""}"
124557605,1766829,"{:BOOST_ACTIVITIES_IN_FEED=>""Boost Activities in Feed"", :NOTIFY_ACTIVITIES=>""Subscribed to Activity Notifications on Upload"", :MUTE_IN_FEED=>""Muted Activities in Feed""}"
57799916,1766829,"{:BOOST_ACTIVITIES_IN_FEED=>""Boost Activities in Feed"", :NOTIFY_ACTIVITIES=>""Subscribed to Activity Notifications on Upload"", :MUTE_IN_FEED=>""Muted Activities in Feed""}"
150809933,1766829,"{:BOOST_ACTIVITIES_IN_FEED=>""Boost Activities in Feed"", :NOTIFY_ACTIVITIES=>""Subscribed to Activity Notifications on Upload"", :MUTE_IN_FEED=>""Muted Activities in Feed""}"
28374614,1766829,"{:BOOST_ACTIVITIES_IN_FEED=>""Boost Activities in Feed"", :NOTIFY_ACTIVITIES=>""Subscribed to Activity Notifications on Upload"", :MUTE_IN_FEED=>""Muted Activities in Feed""}"
54638717,1766829,"{:BOOST_ACTIVITIES_IN_FEED=>""Boost Activities in Feed"", :NOTIFY_ACTIVITIES=>""Subscribed to Activity Notifications on Upload"", :MUTE_IN_FEED=>""Muted Activities in Feed""}"
2221916,1766829,"{:BOOST_ACTIVITIES_IN_FEED=>""Boost Activities in Feed"", :NOTIFY_ACTIVITIES=>""Subscribed to Activity Notifications on Upload"", :MUTE_IN_FEED=>""Muted Activities in Feed""}"
10733220,1766829,"{:BOOST_ACTIVITIES_IN_FEED=>""Boost Activities in Feed"", :NOTIFY_ACTIVITIES=>""Subscribed to Activity Notifications on Upload"", :MUTE_IN_FEED=>""Muted Activities in Feed""}"
61080309,1766829,"{:BOOST_ACTIVITIES_IN_FEED=>""Boost Activities in Feed"", :NOTIFY_ACTIVITIES=>""Subscribed to Activity Notifications on Upload"", :MUTE_IN_FEED=>""Muted Activities in Feed""}"
9605809,1766829,"{:BOOST_ACTIVITIES_IN_FEED=>""Boost Activities in Feed"", :NOTIFY_ACTIVITIES=>""Subscribed to Activity Notifications on Upload"", :MUTE_IN_FEED=>""Muted Activities in Feed""}"
66599298,1766829,"{:BOOST_ACTIVITIES_IN_FEED=>""Boost Activities in Feed"", :NOTIFY_ACTIVITIES=>""Subscribed to Activity Notifications on Upload"", :MUTE_IN_FEED=>""Muted Activities in Feed""}"
407575,1766829,"{:BOOST_ACTIVITIES_IN_FEED=>""Boost Activities in Feed"", :NOTIFY_ACTIVITIES=>""Subscribed to Activity Notifications on Upload"", :MUTE_IN_FEED=>""Muted Activities in Feed""}"
2933158,1766829,"{:BOOST_ACTIVITIES_IN_FEED=>""Boost Activities in Feed"", :NOTIFY_ACTIVITIES=>""Subscribed to Activity Notifications on Upload"", :MUTE_IN_FEED=>""Muted Activities in Feed""}"
65661890,1766829,"{:BOOST_ACTIVITIES_IN_FEED=>""Boost Activities in Feed"", :NOTIFY_ACTIVITIES=>""Subscribed to Activity Notifications on Upload"", :MUTE_IN_FEED=>""Muted Activities in Feed""}"
2415164,1766829,"{:BOOST_ACTIVITIES_IN_FEED=>""Boost Activities in Feed"", :NOTIFY_ACTIVITIES=>""Subscribed to Activity Notifications on Upload"", :MUTE_IN_FEED=>""Muted Activities in Feed""}"
13013602,1766829,"{:BOOST_ACTIVITIES_IN_FEED=>""Boost Activities in Feed"", :NOTIFY_ACTIVITIES=>""Subscribed to Activity Notifications on Upload"", :MUTE_IN_FEED=>""Muted Activities in Feed""}"
22089482,1766829,"{:BOOST_ACTIVITIES_IN_FEED=>""Boost Activities in Feed"", :NOTIFY_ACTIVITIES=>""Subscribed to Activity Notifications on Upload"", :MUTE_IN_FEED=>""Muted Activities in Feed""}"
34300416,1766829,"{:BOOST_ACTIVITIES_IN_FEED=>""Boost Activities in Feed"", :NOTIFY_ACTIVITIES=>""Subscribed to Activity Notifications on Upload"", :MUTE_IN_FEED=>""Muted Activities in Feed""}"
33383210,1766829,"{:BOOST_ACTIVITIES_IN_FEED=>""Boost Activities in Feed"", :NOTIFY_ACTIVITIES=>""Subscribed to Activity Notifications on Upload"", :MUTE_IN_FEED=>""Muted Activities in Feed""}"
10082157,1766829,"{:BOOST_ACTIVITIES_IN_FEED=>""Boost Activities in Feed"", :NOTIFY_ACTIVITIES=>""Subscribed to Activity Notifications on Upload"", :MUTE_IN_FEED=>""Muted Activities in Feed""}"
67647,1766829,"{:BOOST_ACTIVITIES_IN_FEED=>""Boost Activities in Feed"", :NOTIFY_ACTIVITIES=>""Subscribed to Activity Notifications on Upload"", :MUTE_IN_FEED=>""Muted Activities in Feed""}"
61755292,1766829,"{:BOOST_ACTIVITIES_IN_FEED=>""Boost Activities in Feed"", :NOTIFY_ACTIVITIES=>""Subscribed to Activity Notifications on Upload"", :MUTE_IN_FEED=>""Muted Activities in Feed""}"
1044122,1766829,"{:BOOST_ACTIVITIES_IN_FEED=>""Boost Activities in Feed"", :NOTIFY_ACTIVITIES=>""Subscribed to Activity Notifications on Upload"", :MUTE_IN_FEED=>""Muted Activities in Feed""}"
48047358,1766829,"{:BOOST_ACTIVITIES_IN_FEED=>""Boost Activities in Feed"", :NOTIFY_ACTIVITIES=>""Subscribed to Activity Notifications on Upload"", :MUTE_IN_FEED=>""Muted Activities in Feed""}"
39451111,1766829,"{:BOOST_ACTIVITIES_IN_FEED=>""Boost Activities in Feed"", :NOTIFY_ACTIVITIES=>""Subscribed to Activity Notifications on Upload"", :MUTE_IN_FEED=>""Muted Activities in Feed""}"
1676158,1766829,"{:BOOST_ACTIVITIES_IN_FEED=>""Boost Activities in Feed"", :NOTIFY_ACTIVITIES=>""Subscribed to Activity Notifications on Upload"", :MUTE_IN_FEED=>""Muted Activities in Feed""}"
1473751,1766829,"{:BOOST_ACTIVITIES_IN_FEED=>""Boost Activities in Feed"", :NOTIFY_ACTIVITIES=>""Subscribed to Activity Notifications on Upload"", :MUTE_IN_FEED=>""Muted Activities in Feed""}"
2394619,1766829,"{:BOOST_ACTIVITIES_IN_FEED=>""Boost Activities in Feed"", :NOTIFY_ACTIVITIES=>""Subscribed to Activity Notifications on Upload"", :MUTE_IN_FEED=>""Muted Activities in Feed""}"
28474524,1766829,"{:BOOST_ACTIVITIES_IN_FEED=>""Boost Activities in Feed"", :NOTIFY_ACTIVITIES=>""Subscribed to Activity Notifications on Upload"", :MUTE_IN_FEED=>""Muted Activities in Feed""}"
300910,1766829,"{:BOOST_ACTIVITIES_IN_FEED=>""Boost Activities in Feed"", :NOTIFY_ACTIVITIES=>""Subscribed to Activity Notifications on Upload"", :MUTE_IN_FEED=>""Muted Activities in Feed""}"
4827199,1766829,"{:BOOST_ACTIVITIES_IN_FEED=>""Boost Activities in Feed"", :NOTIFY_ACTIVITIES=>""Subscribed to Activity Notifications on Upload"", :MUTE_IN_FEED=>""Muted Activities in Feed""}"
45524156,1766829,"{:BOOST_ACTIVITIES_IN_FEED=>""Boost Activities in Feed"", :NOTIFY_ACTIVITIES=>""Subscribed to Activity Notifications on Upload"", :MUTE_IN_FEED=>""Muted Activities in Feed""}"
119804046,1766829,"{:BOOST_ACTIVITIES_IN_FEED=>""Boost Activities in Feed"", :NOTIFY_ACTIVITIES=>""Subscribed to Activity Notifications on Upload"", :MUTE_IN_FEED=>""Muted Activities in Feed""}"
59925009,1766829,"{:BOOST_ACTIVITIES_IN_FEED=>""Boost Activities in Feed"", :NOTIFY_ACTIVITIES=>""Subscribed to Activity Notifications on Upload"", :MUTE_IN_FEED=>""Muted Activities in Feed""}"
103504337,1766829,"{:BOOST_ACTIVITIES_IN_FEED=>""Boost Activities in Feed"", :NOTIFY_ACTIVITIES=>""Subscribed to Activity Notifications on Upload"", :MUTE_IN_FEED=>""Muted Activities in Feed""}"
251689,1766829,"{:BOOST_ACTIVITIES_IN_FEED=>""Boost Activities in Feed"", :NOTIFY_ACTIVITIES=>""Subscribed to Activity Notifications on Upload"", :MUTE_IN_FEED=>""Muted Activities in Feed""}"
178749,1766829,"{:BOOST_ACTIVITIES_IN_FEED=>""Boost Activities in Feed"", :NOTIFY_ACTIVITIES=>""Subscribed to Activity Notifications on Upload"", :MUTE_IN_FEED=>""Muted Activities in Feed""}"
283882,1766829,"{:BOOST_ACTIVITIES_IN_FEED=>""Boost Activities in Feed"", :NOTIFY_ACTIVITIES=>""Subscribed to Activity Notifications on Upload"", :MUTE_IN_FEED=>""Muted Activities in Feed""}"
34652130,1766829,"{:BOOST_ACTIVITIES_IN_FEED=>""Boost Activities in Feed"", :NOTIFY_ACTIVITIES=>""Subscribed to Activity Notifications on Upload"", :MUTE_IN_FEED=>""Muted Activities in Feed""}"
347778,1766829,"{:BOOST_ACTIVITIES_IN_FEED=>""Boost Activities in Feed"", :NOTIFY_ACTIVITIES=>""Subscribed to Activity Notifications on Upload"", :MUTE_IN_FEED=>""Muted Activities in Feed""}"
120704497,1766829,"{:BOOST_ACTIVITIES_IN_FEED=>""Boost Activities in Feed"", :NOTIFY_ACTIVITIES=>""Subscribed to Activity Notifications on Upload"", :MUTE_IN_FEED=>""Muted Activities in Feed""}"
8566462,1766829,"{:BOOST_ACTIVITIES_IN_FEED=>""Boost Activities in Feed"", :NOTIFY_ACTIVITIES=>""Subscribed to Activity Notifications on Upload"", :MUTE_IN_FEED=>""Muted Activities in Feed""}"
25888387,1766829,"{:BOOST_ACTIVITIES_IN_FEED=>""Boost Activities in Feed"", :NOTIFY_ACTIVITIES=>""Subscribed to Activity Notifications on Upload"", :MUTE_IN_FEED=>""Muted Activities in Feed""}"
16466391,1766829,"{:BOOST_ACTIVITIES_IN_FEED=>""Boost Activities in Feed"", :NOTIFY_ACTIVITIES=>""Subscribed to Activity Notifications on Upload"", :MUTE_IN_FEED=>""Muted Activities in Feed""}"
17060154,1766829,"{:BOOST_ACTIVITIES_IN_FEED=>""Boost Activities in Feed"", :NOTIFY_ACTIVITIES=>""Subscribed to Activity Notifications on Upload"", :MUTE_IN_FEED=>""Muted Activities in Feed""}"
29051252,1766829,"{:BOOST_ACTIVITIES_IN_FEED=>""Boost Activities in Feed"", :NOTIFY_ACTIVITIES=>""Subscribed to Activity Notifications on Upload"", :MUTE_IN_FEED=>""Muted Activities in Feed""}"
9605809,1766829,Subscribed to Activity Notifications on Upload
1766829,12303648,"{:BOOST_ACTIVITIES_IN_FEED=>""Boost Activities in Feed"", :NOTIFY_ACTIVITIES=>""Subscribed to Activity Notifications on Upload"", :MUTE_IN_FEED=>""Muted Activities in Feed""}"
1766829,22089482,"{:BOOST_ACTIVITIES_IN_FEED=>""Boost Activities in Feed"", :NOTIFY_ACTIVITIES=>""Subscribed to Activity Notifications on Upload"", :MUTE_IN_FEED=>""Muted Activities in Feed""}"
1766829,1995483,"{:BOOST_ACTIVITIES_IN_FEED=>""Boost Activities in Feed"", :NOTIFY_ACTIVITIES=>""Subscribed to Activity Notifications on Upload"", :MUTE_IN_FEED=>""Muted Activities in Feed""}"
1766829,54638717,"{:BOOST_ACTIVITIES_IN_FEED=>""Boost Activities in Feed"", :NOTIFY_ACTIVITIES=>""Subscribed to Activity Notifications on Upload"", :MUTE_IN_FEED=>""Muted Activities in Feed""}"
1766829,35621935,"{:BOOST_ACTIVITIES_IN_FEED=>""Boost Activities in Feed"", :NOTIFY_ACTIVITIES=>""Subscribed to Activity Notifications on Upload"", :MUTE_IN_FEED=>""Muted Activities in Feed""}"
1766829,70994251,"{:BOOST_ACTIVITIES_IN_FEED=>""Boost Activities in Feed"", :NOTIFY_ACTIVITIES=>""Subscribed to Activity Notifications on Upload"", :MUTE_IN_FEED=>""Muted Activities in Feed""}"
1766829,347778,"{:BOOST_ACTIVITIES_IN_FEED=>""Boost Activities in Feed"", :NOTIFY_ACTIVITIES=>""Subscribed to Activity Notifications on Upload"", :MUTE_IN_FEED=>""Muted Activities in Feed""}"
1766829,26828108,"{:BOOST_ACTIVITIES_IN_FEED=>""Boost Activities in Feed"", :NOTIFY_ACTIVITIES=>""Subscribed to Activity Notifications on Upload"", :MUTE_IN_FEED=>""Muted Activities in Feed""}"
1766829,300910,"{:BOOST_ACTIVITIES_IN_FEED=>""Boost Activities in Feed"", :NOTIFY_ACTIVITIES=>""Subscribed to Activity Notifications on Upload"", :MUTE_IN_FEED=>""Muted Activities in Feed""}"
1766829,1899634,"{:BOOST_ACTIVITIES_IN_FEED=>""Boost Activities in Feed"", :NOTIFY_ACTIVITIES=>""Subscribed to Activity Notifications on Upload"", :MUTE_IN_FEED=>""Muted Activities in Feed""}"
1766829,407575,"{:BOOST_ACTIVITIES_IN_FEED=>""Boost Activities in Feed"", :NOTIFY_ACTIVITIES=>""Subscribed to Activity Notifications on Upload"", :MUTE_IN_FEED=>""Muted Activities in Feed""}"
1766829,10656581,"{:BOOST_ACTIVITIES_IN_FEED=>""Boost Activities in Feed"", :NOTIFY_ACTIVITIES=>""Subscribed to Activity Notifications on Upload"", :MUTE_IN_FEED=>""Muted Activities in Feed""}"
1766829,182884,"{:BOOST_ACTIVITIES_IN_FEED=>""Boost Activities in Feed"", :NOTIFY_ACTIVITIES=>""Subscribed to Activity Notifications on Upload"", :MUTE_IN_FEED=>""Muted Activities in Feed""}"
1766829,67647,"{:BOOST_ACTIVITIES_IN_FEED=>""Boost Activities in Feed"", :NOTIFY_ACTIVITIES=>""Subscribed to Activity Notifications on Upload"", :MUTE_IN_FEED=>""Muted Activities in Feed""}"
1766829,1679463,"{:BOOST_ACTIVITIES_IN_FEED=>""Boost Activities in Feed"", :NOTIFY_ACTIVITIES=>""Subscribed to Activity Notifications on Upload"", :MUTE_IN_FEED=>""Muted Activities in Feed""}"
1766829,1195613,"{:BOOST_ACTIVITIES_IN_FEED=>""Boost Activities in Feed"", :NOTIFY_ACTIVITIES=>""Subscribed to Activity Notifications on Upload"", :MUTE_IN_FEED=>""Muted Activities in Feed""}"
1766829,283882,"{:BOOST_ACTIVITIES_IN_FEED=>""Boost Activities in Feed"", :NOTIFY_ACTIVITIES=>""Subscribed to Activity Notifications on Upload"", :MUTE_IN_FEED=>""Muted Activities in Feed""}"
1766829,1791827,"{:BOOST_ACTIVITIES_IN_FEED=>""Boost Activities in Feed"", :NOTIFY_ACTIVITIES=>""Subscribed to Activity Notifications on Upload"", :MUTE_IN_FEED=>""Muted Activities in Feed""}"
1766829,9902225,"{:BOOST_ACTIVITIES_IN_FEED=>""Boost Activities in Feed"", :NOTIFY_ACTIVITIES=>""Subscribed to Activity Notifications on Upload"", :MUTE_IN_FEED=>""Muted Activities in Feed""}"
1766829,120617102,"{:BOOST_ACTIVITIES_IN_FEED=>""Boost Activities in Feed"", :NOTIFY_ACTIVITIES=>""Subscribed to Activity Notifications on Upload"", :MUTE_IN_FEED=>""Muted Activities in Feed""}"
1766829,1939202,"{:BOOST_ACTIVITIES_IN_FEED=>""Boost Activities in Feed"", :NOTIFY_ACTIVITIES=>""Subscribed to Activity Notifications on Upload"", :MUTE_IN_FEED=>""Muted Activities in Feed""}"
1766829,9900483,"{:BOOST_ACTIVITIES_IN_FEED=>""Boost Activities in Feed"", :NOTIFY_ACTIVITIES=>""Subscribed to Activity Notifications on Upload"", :MUTE_IN_FEED=>""Muted Activities in Feed""}"
1766829,49234,"{:BOOST_ACTIVITIES_IN_FEED=>""Boost Activities in Feed"", :NOTIFY_ACTIVITIES=>""Subscribed to Activity Notifications on Upload"", :MUTE_IN_FEED=>""Muted Activities in Feed""}"
1766829,36409695,"{:BOOST_ACTIVITIES_IN_FEED=>""Boost Activities in Feed"", :NOTIFY_ACTIVITIES=>""Subscribed to Activity Notifications on Upload"", :MUTE_IN_FEED=>""Muted Activities in Feed""}"
1766829,10733220,"{:BOOST_ACTIVITIES_IN_FEED=>""Boost Activities in Feed"", :NOTIFY_ACTIVITIES=>""Subscribed to Activity Notifications on Upload"", :MUTE_IN_FEED=>""Muted Activities in Feed""}"
1766829,74850160,"{:BOOST_ACTIVITIES_IN_FEED=>""Boost Activities in Feed"", :NOTIFY_ACTIVITIES=>""Subscribed to Activity Notifications on Upload"", :MUTE_IN_FEED=>""Muted Activities in Feed""}"
1766829,527659,"{:BOOST_ACTIVITIES_IN_FEED=>""Boost Activities in Feed"", :NOTIFY_ACTIVITIES=>""Subscribed to Activity Notifications on Upload"", :MUTE_IN_FEED=>""Muted Activities in Feed""}"
1766829,12676792,"{:BOOST_ACTIVITIES_IN_FEED=>""Boost Activities in Feed"", :NOTIFY_ACTIVITIES=>""Subscribed to Activity Notifications on Upload"", :MUTE_IN_FEED=>""Muted Activities in Feed""}"
1766829,721705,"{:BOOST_ACTIVITIES_IN_FEED=>""Boost Activities in Feed"", :NOTIFY_ACTIVITIES=>""Subscribed to Activity Notifications on Upload"", :MUTE_IN_FEED=>""Muted Activities in Feed""}"
1766829,10441363,"{:BOOST_ACTIVITIES_IN_FEED=>""Boost Activities in Feed"", :NOTIFY_ACTIVITIES=>""Subscribed to Activity Notifications on Upload"", :MUTE_IN_FEED=>""Muted Activities in Feed""}"
1766829,61080309,"{:BOOST_ACTIVITIES_IN_FEED=>""Boost Activities in Feed"", :NOTIFY_ACTIVITIES=>""Subscribed to Activity Notifications on Upload"", :MUTE_IN_FEED=>""Muted Activities in Feed""}"
1766829,2431658,"{:BOOST_ACTIVITIES_IN_FEED=>""Boost Activities in Feed"", :NOTIFY_ACTIVITIES=>""Subscribed to Activity Notifications on Upload"", :MUTE_IN_FEED=>""Muted Activities in Feed""}"
1766829,2874459,"{:BOOST_ACTIVITIES_IN_FEED=>""Boost Activities in Feed"", :NOTIFY_ACTIVITIES=>""Subscribed to Activity Notifications on Upload"", :MUTE_IN_FEED=>""Muted Activities in Feed""}"
1766829,2394619,"{:BOOST_ACTIVITIES_IN_FEED=>""Boost Activities in Feed"", :NOTIFY_ACTIVITIES=>""Subscribed to Activity Notifications on Upload"", :MUTE_IN_FEED=>""Muted Activities in Feed""}"
1766829,28374614,"{:BOOST_ACTIVITIES_IN_FEED=>""Boost Activities in Feed"", :NOTIFY_ACTIVITIES=>""Subscribed to Activity Notifications on Upload"", :MUTE_IN_FEED=>""Muted Activities in Feed""}"
1766829,3944,"{:BOOST_ACTIVITIES_IN_FEED=>""Boost Activities in Feed"", :NOTIFY_ACTIVITIES=>""Subscribed to Activity Notifications on Upload"", :MUTE_IN_FEED=>""Muted Activities in Feed""}"
1766829,1167513,"{:BOOST_ACTIVITIES_IN_FEED=>""Boost Activities in Feed"", :NOTIFY_ACTIVITIES=>""Subscribed to Activity Notifications on Upload"", :MUTE_IN_FEED=>""Muted Activities in Feed""}"
1766829,1676158,"{:BOOST_ACTIVITIES_IN_FEED=>""Boost Activities in Feed"", :NOTIFY_ACTIVITIES=>""Subscribed to Activity Notifications on Upload"", :MUTE_IN_FEED=>""Muted Activities in Feed""}"
1766829,509197,"{:BOOST_ACTIVITIES_IN_FEED=>""Boost Activities in Feed"", :NOTIFY_ACTIVITIES=>""Subscribed to Activity Notifications on Upload"", :MUTE_IN_FEED=>""Muted Activities in Feed""}"
1766829,9605809,"{:BOOST_ACTIVITIES_IN_FEED=>""Boost Activities in Feed"", :NOTIFY_ACTIVITIES=>""Subscribed to Activity Notifications on Upload"", :MUTE_IN_FEED=>""Muted Activities in Feed""}"
1766829,17060154,"{:BOOST_ACTIVITIES_IN_FEED=>""Boost Activities in Feed"", :NOTIFY_ACTIVITIES=>""Subscribed to Activity Notifications on Upload"", :MUTE_IN_FEED=>""Muted Activities in Feed""}"
1766829,129248,"{:BOOST_ACTIVITIES_IN_FEED=>""Boost Activities in Feed"", :NOTIFY_ACTIVITIES=>""Subscribed to Activity Notifications on Upload"", :MUTE_IN_FEED=>""Muted Activities in Feed""}"
1766829,6287634,"{:BOOST_ACTIVITIES_IN_FEED=>""Boost Activities in Feed"", :NOTIFY_ACTIVITIES=>""Subscribed to Activity Notifications on Upload"", :MUTE_IN_FEED=>""Muted Activities in Feed""}"
1766829,1785502,"{:BOOST_ACTIVITIES_IN_FEED=>""Boost Activities in Feed"", :NOTIFY_ACTIVITIES=>""Subscribed to Activity Notifications on Upload"", :MUTE_IN_FEED=>""Muted Activities in Feed""}"
1766829,15961994,"{:BOOST_ACTIVITIES_IN_FEED=>""Boost Activities in Feed"", :NOTIFY_ACTIVITIES=>""Subscribed to Activity Notifications on Upload"", :MUTE_IN_FEED=>""Muted Activities in Feed""}"
1766829,899239,"{:BOOST_ACTIVITIES_IN_FEED=>""Boost Activities in Feed"", :NOTIFY_ACTIVITIES=>""Subscribed to Activity Notifications on Upload"", :MUTE_IN_FEED=>""Muted Activities in Feed""}"
1766829,27768033,"{:BOOST_ACTIVITIES_IN_FEED=>""Boost Activities in Feed"", :NOTIFY_ACTIVITIES=>""Subscribed to Activity Notifications on Upload"", :MUTE_IN_FEED=>""Muted Activities in Feed""}"
1766829,9565373,"{:BOOST_ACTIVITIES_IN_FEED=>""Boost Activities in Feed"", :NOTIFY_ACTIVITIES=>""Subscribed to Activity Notifications on Upload"", :MUTE_IN_FEED=>""Muted Activities in Feed""}"
1766829,1688826,"{:BOOST_ACTIVITIES_IN_FEED=>""Boost Activities in Feed"", :NOTIFY_ACTIVITIES=>""Subscribed to Activity Notifications on Upload"", :MUTE_IN_FEED=>""Muted Activities in Feed""}"
1766829,1603067,"{:BOOST_ACTIVITIES_IN_FEED=>""Boost Activities in Feed"", :NOTIFY_ACTIVITIES=>""Subscribed to Activity Notifications on Upload"", :MUTE_IN_FEED=>""Muted Activities in Feed""}"
1766829,10799453,"{:BOOST_ACTIVITIES_IN_FEED=>""Boost Activities in Feed"", :NOTIFY_ACTIVITIES=>""Subscribed to Activity Notifications on Upload"", :MUTE_IN_FEED=>""Muted Activities in Feed""}"
1766829,179974,"{:BOOST_ACTIVITIES_IN_FEED=>""Boost Activities in Feed"", :NOTIFY_ACTIVITIES=>""Subscribed to Activity Notifications on Upload"", :MUTE_IN_FEED=>""Muted Activities in Feed""}"
1766829,13033649,"{:BOOST_ACTIVITIES_IN_FEED=>""Boost Activities in Feed"", :NOTIFY_ACTIVITIES=>""Subscribed to Activity Notifications on Upload"", :MUTE_IN_FEED=>""Muted Activities in Feed""}"
1766829,59925009,"{:BOOST_ACTIVITIES_IN_FEED=>""Boost Activities in Feed"", :NOTIFY_ACTIVITIES=>""Subscribed to Activity Notifications on Upload"", :MUTE_IN_FEED=>""Muted Activities in Feed""}"
1766829,103504337,"{:BOOST_ACTIVITIES_IN_FEED=>""Boost Activities in Feed"", :NOTIFY_ACTIVITIES=>""Subscribed to Activity Notifications on Upload"", :MUTE_IN_FEED=>""Muted Activities in Feed""}"
1766829,8566462,"{:BOOST_ACTIVITIES_IN_FEED=>""Boost Activities in Feed"", :NOTIFY_ACTIVITIES=>""Subscribed to Activity Notifications on Upload"", :MUTE_IN_FEED=>""Muted Activities in Feed""}"
1766829,2415164,"{:BOOST_ACTIVITIES_IN_FEED=>""Boost Activities in Feed"", :NOTIFY_ACTIVITIES=>""Subscribed to Activity Notifications on Upload"", :MUTE_IN_FEED=>""Muted Activities in Feed""}"
1766829,2424837,"{:BOOST_ACTIVITIES_IN_FEED=>""Boost Activities in Feed"", :NOTIFY_ACTIVITIES=>""Subscribed to Activity Notifications on Upload"", :MUTE_IN_FEED=>""Muted Activities in Feed""}"
1766829,1826517,"{:BOOST_ACTIVITIES_IN_FEED=>""Boost Activities in Feed"", :NOTIFY_ACTIVITIES=>""Subscribed to Activity Notifications on Upload"", :MUTE_IN_FEED=>""Muted Activities in Feed""}"
1766829,637692,"{:BOOST_ACTIVITIES_IN_FEED=>""Boost Activities in Feed"", :NOTIFY_ACTIVITIES=>""Subscribed to Activity Notifications on Upload"", :MUTE_IN_FEED=>""Muted Activities in Feed""}"
1766829,29796399,"{:BOOST_ACTIVITIES_IN_FEED=>""Boost Activities in Feed"", :NOTIFY_ACTIVITIES=>""Subscribed to Activity Notifications on Upload"", :MUTE_IN_FEED=>""Muted Activities in Feed""}"
1766829,10082157,"{:BOOST_ACTIVITIES_IN_FEED=>""Boost Activities in Feed"", :NOTIFY_ACTIVITIES=>""Subscribed to Activity Notifications on Upload"", :MUTE_IN_FEED=>""Muted Activities in Feed""}"
1766829,1044122,"{:BOOST_ACTIVITIES_IN_FEED=>""Boost Activities in Feed"", :NOTIFY_ACTIVITIES=>""Subscribed to Activity Notifications on Upload"", :MUTE_IN_FEED=>""Muted Activities in Feed""}"
1766829,731169,"{:BOOST_ACTIVITIES_IN_FEED=>""Boost Activities in Feed"", :NOTIFY_ACTIVITIES=>""Subscribed to Activity Notifications on Upload"", :MUTE_IN_FEED=>""Muted Activities in Feed""}"
1766829,62793315,"{:BOOST_ACTIVITIES_IN_FEED=>""Boost Activities in Feed"", :NOTIFY_ACTIVITIES=>""Subscribed to Activity Notifications on Upload"", :MUTE_IN_FEED=>""Muted Activities in Feed""}"
1766829,7462908,"{:BOOST_ACTIVITIES_IN_FEED=>""Boost Activities in Feed"", :NOTIFY_ACTIVITIES=>""Subscribed to Activity Notifications on Upload"", :MUTE_IN_FEED=>""Muted Activities in Feed""}"
1766829,3839130,"{:BOOST_ACTIVITIES_IN_FEED=>""Boost Activities in Feed"", :NOTIFY_ACTIVITIES=>""Subscribed to Activity Notifications on Upload"", :MUTE_IN_FEED=>""Muted Activities in Feed""}"
1766829,251689,"{:BOOST_ACTIVITIES_IN_FEED=>""Boost Activities in Feed"", :NOTIFY_ACTIVITIES=>""Subscribed to Activity Notifications on Upload"", :MUTE_IN_FEED=>""Muted Activities in Feed""}"
1766829,799377,"{:BOOST_ACTIVITIES_IN_FEED=>""Boost Activities in Feed"", :NOTIFY_ACTIVITIES=>""Subscribed to Activity Notifications on Upload"", :MUTE_IN_FEED=>""Muted Activities in Feed""}"
1766829,255291,"{:BOOST_ACTIVITIES_IN_FEED=>""Boost Activities in Feed"", :NOTIFY_ACTIVITIES=>""Subscribed to Activity Notifications on Upload"", :MUTE_IN_FEED=>""Muted Activities in Feed""}"
1766829,975959,"{:BOOST_ACTIVITIES_IN_FEED=>""Boost Activities in Feed"", :NOTIFY_ACTIVITIES=>""Subscribed to Activity Notifications on Upload"", :MUTE_IN_FEED=>""Muted Activities in Feed""}"
1766829,414470,"{:BOOST_ACTIVITIES_IN_FEED=>""Boost Activities in Feed"", :NOTIFY_ACTIVITIES=>""Subscribed to Activity Notifications on Upload"", :MUTE_IN_FEED=>""Muted Activities in Feed""}"
1766829,48047358,"{:BOOST_ACTIVITIES_IN_FEED=>""Boost Activities in Feed"", :NOTIFY_ACTIVITIES=>""Subscribed to Activity Notifications on Upload"", :MUTE_IN_FEED=>""Muted Activities in Feed""}"
1766829,23101,"{:BOOST_ACTIVITIES_IN_FEED=>""Boost Activities in Feed"", :NOTIFY_ACTIVITIES=>""Subscribed to Activity Notifications on Upload"", :MUTE_IN_FEED=>""Muted Activities in Feed""}"
1766829,1984960,"{:BOOST_ACTIVITIES_IN_FEED=>""Boost Activities in Feed"", :NOTIFY_ACTIVITIES=>""Subscribed to Activity Notifications on Upload"", :MUTE_IN_FEED=>""Muted Activities in Feed""}"
1766829,39451111,"{:BOOST_ACTIVITIES_IN_FEED=>""Boost Activities in Feed"", :NOTIFY_ACTIVITIES=>""Subscribed to Activity Notifications on Upload"", :MUTE_IN_FEED=>""Muted Activities in Feed""}"
1766829,4146373,"{:BOOST_ACTIVITIES_IN_FEED=>""Boost Activities in Feed"", :NOTIFY_ACTIVITIES=>""Subscribed to Activity Notifications on Upload"", :MUTE_IN_FEED=>""Muted Activities in Feed""}"
1766829,42125975,"{:BOOST_ACTIVITIES_IN_FEED=>""Boost Activities in Feed"", :NOTIFY_ACTIVITIES=>""Subscribed to Activity Notifications on Upload"", :MUTE_IN_FEED=>""Muted Activities in Feed""}"
1766829,24631671,"{:BOOST_ACTIVITIES_IN_FEED=>""Boost Activities in Feed"", :NOTIFY_ACTIVITIES=>""Subscribed to Activity Notifications on Upload"", :MUTE_IN_FEED=>""Muted Activities in Feed""}"
1766829,16466391,"{:BOOST_ACTIVITIES_IN_FEED=>""Boost Activities in Feed"", :NOTIFY_ACTIVITIES=>""Subscribed to Activity Notifications on Upload"", :MUTE_IN_FEED=>""Muted Activities in Feed""}"
1766829,1069715,"{:BOOST_ACTIVITIES_IN_FEED=>""Boost Activities in Feed"", :NOTIFY_ACTIVITIES=>""Subscribed to Activity Notifications on Upload"", :MUTE_IN_FEED=>""Muted Activities in Feed""}"
1766829,16459418,"{:BOOST_ACTIVITIES_IN_FEED=>""Boost Activities in Feed"", :NOTIFY_ACTIVITIES=>""Subscribed to Activity Notifications on Upload"", :MUTE_IN_FEED=>""Muted Activities in Feed""}"
1766829,1765538,"{:BOOST_ACTIVITIES_IN_FEED=>""Boost Activities in Feed"", :NOTIFY_ACTIVITIES=>""Subscribed to Activity Notifications on Upload"", :MUTE_IN_FEED=>""Muted Activities in Feed""}"
1766829,28474524,"{:BOOST_ACTIVITIES_IN_FEED=>""Boost Activities in Feed"", :NOTIFY_ACTIVITIES=>""Subscribed to Activity Notifications on Upload"", :MUTE_IN_FEED=>""Muted Activities in Feed""}"
1766829,2933158,"{:BOOST_ACTIVITIES_IN_FEED=>""Boost Activities in Feed"", :NOTIFY_ACTIVITIES=>""Subscribed to Activity Notifications on Upload"", :MUTE_IN_FEED=>""Muted Activities in Feed""}"
1766829,2389142,"{:BOOST_ACTIVITIES_IN_FEED=>""Boost Activities in Feed"", :NOTIFY_ACTIVITIES=>""Subscribed to Activity Notifications on Upload"", :MUTE_IN_FEED=>""Muted Activities in Feed""}"
1766829,57799916,"{:BOOST_ACTIVITIES_IN_FEED=>""Boost Activities in Feed"", :NOTIFY_ACTIVITIES=>""Subscribed to Activity Notifications on Upload"", :MUTE_IN_FEED=>""Muted Activities in Feed""}"
1766829,337350,"{:BOOST_ACTIVITIES_IN_FEED=>""Boost Activities in Feed"", :NOTIFY_ACTIVITIES=>""Subscribed to Activity Notifications on Upload"", :MUTE_IN_FEED=>""Muted Activities in Feed""}"
1766829,297171,"{:BOOST_ACTIVITIES_IN_FEED=>""Boost Activities in Feed"", :NOTIFY_ACTIVITIES=>""Subscribed to Activity Notifications on Upload"", :MUTE_IN_FEED=>""Muted Activities in Feed""}"
1766829,106329173,"{:BOOST_ACTIVITIES_IN_FEED=>""Boost Activities in Feed"", :NOTIFY_ACTIVITIES=>""Subscribed to Activity Notifications on Upload"", :MUTE_IN_FEED=>""Muted Activities in Feed""}"
1766829,4372518,"{:BOOST_ACTIVITIES_IN_FEED=>""Boost Activities in Feed"", :NOTIFY_ACTIVITIES=>""Subscribed to Activity Notifications on Upload"", :MUTE_IN_FEED=>""Muted Activities in Feed""}"
1766829,1989851,"{:BOOST_ACTIVITIES_IN_FEED=>""Boost Activities in Feed"", :NOTIFY_ACTIVITIES=>""Subscribed to Activity Notifications on Upload"", :MUTE_IN_FEED=>""Muted Activities in Feed""}"
1766829,794877,"{:BOOST_ACTIVITIES_IN_FEED=>""Boost Activities in Feed"", :NOTIFY_ACTIVITIES=>""Subscribed to Activity Notifications on Upload"", :MUTE_IN_FEED=>""Muted Activities in Feed""}"
