Media Filename,Media Caption
media/305d060b-ac5b-40b7-a443-4a728eacee9a.jpg,""
media/714b8da2-11af-444e-a746-90f21b7d43d1.jpg,""
media/d6e44f51-9d08-4674-9a14-03502c82ffc2.jpg,""
media/0e9170e5-d656-4ee0-ac90-e0555b8b0e24.jpg,""
media/c3ff09ab-994d-4099-b7a1-02eed8339831.jpg,""
media/7d2c87ec-35ec-4576-a156-8e1d3e94bbab.jpg,""
media/a81621b6-c5a9-4d91-97ff-dff588e81e52.jpg,""
media/15347af5-62a5-4fb7-a651-9e7f76ab3314.jpg,""
media/32e2a15d-14eb-426f-a025-c92ae4e43865.jpg,""
media/2cd10ef2-14db-468b-987d-7e66838304aa.jpg,""
media/50e98977-a4fd-4fc5-907d-3c656450c042.jpg,""
media/5754b650-742a-4dd0-9a14-9aa18fe08aff.jpg,""
media/a028ef83-2fc1-4008-8cb7-fc4c0da007cb.jpg,""
media/1297afb2-11f2-4fd5-b1bf-d914abe03914.jpg,""
media/bd9506d7-1272-4a2e-a4c1-dc4c4740bbb6.jpg,""
media/e09e0b57-a5ac-4183-8922-d2b47efe9eb0.jpg,""
media/d3d301f4-24ea-40bc-ab33-440f40af3dd3.jpg,""
media/b4b1ad52-6672-40b8-aa35-729f63dde211.jpg,""
media/8dcc1d71-d6fa-4169-b87e-54e0321b3f86.jpg,""
media/001ae8d4-bb0b-4e24-b350-8b434edee8ac.jpg,""
media/a26dc410-1c41-4b14-8cdf-ba11bb398d86.jpg,""
media/40f97034-ceaa-4d99-a29f-9dd269101796.jpg,""
media/585161a3-076c-46a9-9b06-4bbfe20941ca.jpg,""
media/569bb5b2-711d-4712-8297-37a23704f091.jpg,""
media/759c95d9-ee14-49a5-b6f9-ecfc079c7e05.jpg,""
media/a3a19eb2-562d-4510-950c-07142a2bc117.jpg,""
media/c9ff0e6a-0678-4e6b-b30b-b6389bf5f10f.jpg,""
media/23d73a3b-1e3f-4cb4-82a2-5f93ae89f971.jpg,""
media/a9948f4a-ef30-4761-8ba5-9e154b4c2add.jpg,""
media/57628019-b97d-49b1-8832-0ea2fc418f9b.jpg,""
media/e28878d2-8715-4931-a55c-ec6247a116cb.jpg,""
media/4902006a-af5c-4d1a-9d20-75aab659908e.jpg,""
media/803b4b2a-cd70-4669-a022-dd5865b1fca0.jpg,""
media/7a81c096-6b37-4b43-bab1-95e1f1a3d526.jpg,""
media/b994eabb-f049-4242-a27a-b522c12b8803.jpg,""
media/ab8c29ed-ad8d-41de-96bc-8e4a72f300bd.jpg,""
media/cdd79373-2555-43bc-b21a-534aa8fa6df2.jpg,""
media/803545e5-effe-4b15-b66b-6308a7c0f072.jpg,""
media/712dfebd-aac8-48d1-bb98-aecd7aae942c.jpg,""
media/e902e6d5-8ccb-4439-aff6-9f46361ce839.jpg,""
media/caef1fc0-06a3-4303-b7ac-4be6e498b82f.jpg,""
media/8f8b7071-4ab0-4d9c-9980-dc4d6eb4db8b.jpg,""
media/4c43854d-d4b9-4820-a424-4cecdbfab330.jpg,""
media/3a907103-0923-415b-83b1-35d523eb2f6a.jpg,""
media/8db0f363-2351-468f-b0cd-787ba5d2687f.jpg,""
media/05af57d5-bd09-446d-86b6-dd1c73c6068c.jpg,""
media/32227e29-81cf-4513-a2a8-53443cc06623.jpg,""
media/8b640e8d-4b8b-4efc-acb7-dc36347c2205.jpg,Won by about a minute
media/9b81bf0c-bb7e-4ac6-b059-6362a4f21da5.jpg,""
media/2dc5916f-5835-42e4-8d80-8d38d5ca3dcd.jpg,Solid looking medal
media/2fcdc086-997c-47ea-8e79-0ffb6c975863.jpg,""
media/b17798f1-8d27-48d7-88a7-e011f08bdcdd.jpg,"Was very muddy, took a while to clean my bike"
media/943ac6a2-387d-4944-90fe-6c4c0f7cdc0f.jpg,""
media/ba6397c8-e186-4c88-9372-947cd83849ec.jpg,""
media/d96b6bf2-6305-40e8-8bd9-2fb42639448c.jpg,""
media/4e4cab39-b7a5-461e-834a-acc783001f08.jpg,""
media/1784592f-3be3-4086-b032-df1ea519e72e.jpg,""
media/6e8c66e9-4d1a-48fa-baa4-0d3fdb3b5b8b.jpg,""
media/9fa83fcb-3b20-45dc-af46-aa41268010a4.jpg,""
media/31f88fc5-5169-41a3-9f0e-165d52a807bd.jpg,""
media/45142c2f-9083-4c23-ad1c-401b634b519d.jpg,""
media/859467a0-51fc-4dbe-b167-85160bb1164e.jpg,""
media/9ebfbbc4-27db-4906-8a61-8ae79c4e8d9b.jpg,""
media/aab6a0ac-3165-42c9-81e9-a7db12b7e32f.jpg,""
media/f5f13681-a248-430b-8b2e-ab0a0aaad88d.jpg,""
media/a4d6f82b-d719-406d-a474-4edae0403631.jpg,""
media/70967732-3246-4f88-a97d-def116d4e13e.jpg,""
media/b6501482-7eea-4b68-a17d-b4c49b4e074e.jpg,""
media/ec328f92-caa9-4099-8b03-ef19884916e1.jpg,""
media/834e65df-5348-4935-9408-ce6b34f61fff.jpg,""
media/12029f66-7353-46b6-86a2-a9f5138677bf.jpg,""
media/5d3113b6-5026-4aa3-9124-8d29b70d0eea.jpg,""
media/03ce36a4-6770-45cf-9e37-bbd83b53f962.jpg,""
media/AA283FC8-423B-46B0-93F3-8FBCFE0B6473.jpg,""
media/A4C05411-7D06-4960-95F6-0BC4C96EEF5E.jpg,""
media/95280F55-CE0A-4337-B4F3-B11BD0E02D23.jpg,""
media/57EB2FB6-11AF-4CCB-A3E9-C74C067F940E.jpg,""
media/447D6744-20B1-4E08-8CBF-EFBBFD2F8AE6.jpg,""
media/50D0374D-F7A9-4698-A61A-EA50E23F5347.jpg,Post run skittles snack
media/7C5A2DA4-F1CB-436B-A5CE-4BE81B976E39.jpg,""
media/a5294c2f-5ffe-44f5-acf7-4c09d3b22fc9.jpg,""
